cluster_id,ticker,timestamp,clean_headline
9,AAPl,2024-06-19 15:30:00,nvidia eclipses microsoft as world s most valuable company
9,AAPl,2024-06-20 15:30:00,nvidia eclipses microsoft as world s most valuable company
9,AAPl,2024-06-20 15:30:00,nvidia eclipses microsoft as world s most valuable company
9,AAPl,2024-06-20 15:30:00,nvidia eclipses microsoft as world s most valuable company
9,AAPl,2024-06-20 15:30:00,nvidia eclipses microsoft as world s most valuable company
29,PLTR,2024-07-30 15:30:00,going into earnings is palantir stock a buy a sell or a hold
29,PLTR,2024-08-14 15:30:00,going into earnings is palantir stock a buy a sell or a hold
29,PLTR,2024-11-01 15:30:00,going into earnings is palantir stock a buy a sell or a hold
29,PLTR,2025-02-13 15:30:00,going into earnings is palantir stock a buy a sell or a hold
6,JPM,2025-02-18 15:30:00,analysis the emerging vogue for active etfs
6,JPM,2025-02-18 15:30:00,analysis the emerging vogue for active etfs
6,JPM,2025-02-25 15:30:00,analysis the emerging vogue for active etfs
6,JPM,2025-02-25 15:30:00,analysis the emerging vogue for active etfs
41,SCHW,2025-02-11 15:30:00,td bank to sell stake in charles schwab
41,SCHW,2025-02-12 15:30:00,td bank to sell stake in charles schwab
41,SCHW,2025-02-13 11:30:00,td bank to sell stake in charles schwab
38,JPM,2025-01-18 15:30:00,understanding the advantages of active etfs vs mutual funds
38,JPM,2025-02-12 15:30:00,understanding the advantages of active etfs vs mutual funds
38,JPM,2025-02-12 15:30:00,understanding the advantages of active etfs vs mutual funds
17,JPM,2025-06-04 15:30:00,ategrity specialty holdings llc announces launch of initial public offering
17,JPM,2025-06-11 15:30:00,ategrity specialty holdings llc announces launch of initial public offering
17,JPM,2025-06-11 15:30:00,ategrity specialty holdings llc announces launch of initial public offering
44,SCHW,2025-02-13 15:30:00,schwab expands 24 hour trading to all retail clients
44,SCHW,2025-02-13 15:30:00,schwab expands 24 hour trading to all retail clients
44,SCHW,2025-02-13 15:30:00,schwab expands 24 hour trading to all retail clients
7,PLTR,2024-09-26 15:30:00,apa palantir expand partnership to leverage ai across oil and gas operations
7,PLTR,2024-09-26 15:30:00,apa palantir expand partnership to leverage ai across oil and gas operations
7,PLTR,2024-09-27 15:30:00,apa palantir expand partnership to leverage ai across oil and gas operations
13,AAPl,2024-09-12 12:30:00,jabil inc to pour rs 2 000 crore into electronics manufacturing plant in tiruchi
13,AAPl,2024-09-12 15:30:00,jabil inc to pour rs 2 000 crore into electronics manufacturing plant in tiruchi
13,AAPl,2024-09-13 15:30:00,jabil inc to pour rs 2 000 crore into electronics manufacturing plant in tiruchi
28,JPM,2025-03-18 15:30:00,watch jpmorgan us exceptionalism dominates equity etf flows
28,JPM,2025-03-18 15:30:00,watch jpmorgan us exceptionalism dominates equity etf flows
35,SCHW,2025-07-29 15:30:00,charles schwab and dow have been highlighted as zacks bull and bear of the day
35,SCHW,2025-07-30 11:30:00,charles schwab and dow have been highlighted as zacks bull and bear of the day
36,PLTR,2024-12-12 15:30:00,direxion etfs focus on palantir and berkshire hathaway
36,PLTR,2024-12-12 15:30:00,direxion etfs focus on palantir and berkshire hathaway
0,SCHW,2025-11-30 14:30:00,charles schwab investment management inc acquires 31 356 shares of deckers outdoor corporation
0,SCHW,2025-12-01 15:30:00,charles schwab investment management inc acquires 31 356 shares of deckers outdoor corporation
40,JPM,2025-07-11 15:30:00,blackrock fidelity grayscale dominate crypto etf assets amidst institutional interest
40,JPM,2025-07-16 15:30:00,blackrock fidelity grayscale dominate crypto etf assets amidst institutional interest
21,SCHW,2025-11-30 15:30:00,charles schwab investment management inc buys 17 254 shares of roku inc
21,SCHW,2025-12-01 15:30:00,charles schwab investment management inc buys 17 254 shares of roku inc
43,JPM,2025-07-29 15:30:00,firefly aerospace announces launch of initial public offering
43,JPM,2025-08-07 15:30:00,firefly aerospace announces launch of initial public offering
1,PLTR,2024-10-11 10:30:00,what’s happening with palantir stock
1,PLTR,2025-03-01 15:30:00,what’s happening with palantir stock
88,JPM,2025-02-22 15:30:00,managing cash with money market funds vs etfs
88,JPM,2025-02-22 15:30:00,managing cash with money market funds vs etfs
83,JPM,2025-08-01 09:30:00,teradyne stock soars time to buy
83,JPM,2025-08-03 13:30:00,teradyne stock soars time to buy
27,JPM,2025-04-26 15:30:00,eastern bankshares to acquire harborone bancorp in stock and cash deal
27,JPM,2025-04-27 12:30:00,eastern bankshares to acquire harborone bancorp in stock and cash deal
73,JPM,2025-06-24 15:30:00,everybody wants alts
73,JPM,2025-06-24 15:30:00,everybody wants alts
20,SCHW,2025-11-30 15:30:00,charles schwab investment management inc raises stock position in us foods holding corp
20,SCHW,2025-12-02 09:30:00,charles schwab investment management inc raises stock position in us foods holding corp
2,AAPl,2024-08-16 15:30:00,is ulta’s stock a beauty buy
2,AAPl,2025-06-01 09:30:00,is ulta’s stock a beauty buy
3,JPM,2025-06-05 15:30:00,ategrity specialty insurance ipo to raise 3m
3,JPM,2025-06-12 15:30:00,ategrity specialty insurance ipo to raise 3m
4,PLTR,2024-11-16 15:30:00,palantir stock rises as it shifts listing to nasdaq
4,PLTR,2024-11-17 09:30:00,palantir stock rises as it shifts listing to nasdaq
5,AAPl,2024-02-25 15:30:00,nvidia becomes world’s most valuable company amid ai boom
5,AAPl,2024-06-20 15:30:00,nvidia becomes world’s most valuable company amid ai boom
8,SCHW,2025-12-01 15:30:00,charles schwab investment management inc has 04 million stock position in ball corporation
8,SCHW,2025-12-01 15:30:00,charles schwab investment management inc has 04 million stock position in ball corporation
10,AAPl,2024-05-17 15:30:00,secret’s out buffett’s berkshire hathaway a chubb shareholder
10,AAPl,2024-05-17 15:30:00,secret’s out buffett’s berkshire hathaway a chubb shareholder
11,JPM,2025-08-22 15:30:00,product service launches
11,JPM,2025-10-21 15:30:00,product service launches
12,AAPl,2023-12-15 15:30:00,apple inc aapl dcf valuation is the stock undervalued
12,AAPl,2024-04-20 15:30:00,apple inc aapl dcf valuation is the stock undervalued
15,JPM,2025-07-15 15:30:00,going into earnings is schwab stock a buy a sell or fairly valued
15,JPM,2025-07-15 15:30:00,going into earnings is schwab stock a buy a sell or fairly valued
14,AAPl,2024-03-23 15:30:00,the doj’s apple antitrust suit doesn’t add up
14,AAPl,2024-05-04 15:30:00,the doj’s apple antitrust suit doesn’t add up
18,JPM,2025-05-30 15:30:00,apollo teams up with jpmorgan goldman to trade private credit
18,JPM,2025-05-31 14:30:00,apollo teams up with jpmorgan goldman to trade private credit
19,SCHW,2025-10-30 15:30:00,charles schwab corp stock outperforms competitors despite losses on the day
19,SCHW,2025-11-30 15:30:00,charles schwab corp stock outperforms competitors despite losses on the day
492,AAPl,2024-09-07 15:30:00,global sustainable funds are up nearly 11 this year
496,AAPl,2024-04-21 15:30:00,apple contributes to the environment by investing in water and clean energy
484,AAPl,2024-05-19 15:30:00,opinion apple has lost its shine here’s what can help it regain luster
485,JPM,2024-12-19 15:30:00,benchstrength closes early stage venture capital fund
486,JPM,2025-01-16 13:30:00,crypto etfs have big innovation opportunity in 2025 but demand may be weak
487,JPM,2024-12-20 15:30:00,vesta announces closing of us million global syndicated sustainable credit facility including us million revolving credit facility
499,AAPl,2024-09-10 15:30:00,liveone to raise prices of its plus premium subscription audio tiers
498,JPM,2025-07-02 12:30:00,companies are issuing the least amount of 30 year bonds in 14 years what that tells investors
497,JPM,2025-05-20 15:30:00,dorchester minerals elects sarah wariner as an independent manager
488,JPM,2025-03-19 13:30:00,capstone holdings’ unanticipated surge is now the time
493,AAPl,2024-09-06 15:30:00,how nvidia doubled earnings lost almost billion in value and shook the stock market
489,AAPl,2024-06-30 15:30:00,fumble your favorite nfl team is on the hook for million in sunday ticket lawsuit 1 76x more than player pay in 2024
495,JPM,2024-11-02 15:30:00,barclays sticks to its buy rating for anheuser busch inbev sa nv 0rji
490,JPM,2025-03-30 14:30:00,keycorp ceo s total compensation jumps 82 following scotiabank bonus
482,JPM,2025-08-17 15:30:00,cnfinance to change ads ratio in reverse split equivalent move
494,AAPl,2024-02-03 15:30:00,what stock investors need to know about meta’s dividend
491,AAPl,2024-09-06 15:30:00,target integrates curbside and in store order pickup services with apple carplay
483,AAPl,2024-07-09 15:30:00,skydance paramount global agree on deal david ellison jeff shell to lead ‘ paramount’
476,AAPl,2024-02-03 15:30:00,disney heads into the future on the apple vision pro
481,JPM,2025-01-01 15:30:00,rexford aids us industrial rebound with one of 2024 s priciest los angeles deals
470,AAPl,2024-02-08 15:30:00,itot etf investing well doesn’t have to be complicated
463,AAPl,2024-05-10 15:30:00,digital map market size share with focus on emerging technologies top countries data top key players and forecast 2029
464,PLTR,2024-10-27 15:30:00,palantir technologies inc pltr and l3harris forge strategic partnership to boost ai driven defense capabilities for enhanced national security
465,JPM,2024-12-07 12:30:00,great southern loan officers use gen ai to chat with data
466,JPM,2024-12-17 15:30:00,uconn s endowment jettisons hedge funds for breed of etfs
461,JPM,2025-03-14 15:30:00,wells fargo swot 2025 swot analysis of wells fargo
467,AAPl,2024-07-28 14:30:00,apple signs on to voluntary us scheme to manage ai risks white house says
468,JPM,2025-06-10 15:30:00,baker hughes announces sale of precision sensors instrumentation product line to crane company for 15 billion
469,JPM,2024-12-21 15:30:00,blackrock acquires 5 million municipal bond through blockchain
471,JPM,2024-11-28 15:30:00,first foundation bank taps ceo to lead turnaround effort
480,JPM,2024-11-09 15:30:00,enstar shareholders approve acquisition by sixth street
500,JPM,2025-07-16 15:30:00,fund files neuberger flips em fund to etf guggenheim plots bdc
473,JPM,2025-03-01 15:30:00,bank on it
474,AAPl,2024-05-01 15:30:00,microsoft to invest 7 billion in cloud ai in indonesia ceo says
475,JPM,2024-12-19 15:30:00,raymond james bags breakaway trio from merrill
462,AAPl,2024-06-27 15:30:00,what exactly does nvidia do and why should you care
477,AAPl,2024-09-12 15:30:00,t rowe price tapping into experienced managers
478,JPM,2024-12-25 15:30:00,india s stock frenzy funds are pouring into the indian stock market frantically
479,AAPl,2024-02-17 15:30:00,stryker updates mako surgical robot introduces joint replacement offering
472,AAPl,2024-07-18 09:30:00,apple at all time high after morgan stanley calls stock top pick for ai efforts
515,AAPl,2024-02-08 15:30:00,espn fox and warner bros discovery team up to offer joint sports streaming service
501,AAPl,2024-01-26 15:30:00,behind target’s ‘winning retail formula’
532,JPM,2024-11-20 09:30:00,ovintiv acquires montney assets from paramount
524,JPM,2025-08-20 15:30:00,everquote director neble sells 667 in shares
525,AAPl,2024-08-22 15:30:00,amkor gets federal funding boost for arizona semiconductor facility
526,AAPl,2024-08-01 15:30:00,buffett cuts bank of america stake sales top bln
527,AAPl,2024-08-17 15:30:00,big xr from meta vuzix pico apple
528,JPM,2025-07-20 15:30:00,wall street wants to make private markets a little more public
529,AAPl,2024-09-24 15:30:00,should motley fool 100 index etf tmfc be on your investing radar
530,JPM,2025-05-23 10:30:00,three bank stocks to avoid — and 18 to buy — from analysts at jefferies
531,AAPl,2024-03-23 15:30:00,get to know qqq charting 25 years of performance
533,AAPl,2024-02-03 15:30:00,markets brief will the ‘magnificent seven’ stocks keep carrying the market after earnings
502,JPM,2025-05-12 09:30:00,sumitomo mitsui doubles down on india with plan to buy stake in yes bank for 6 billion
534,AAPl,2024-05-22 10:30:00,jabil replaces ceo after investigation pulls 2025 forecast
535,AAPl,2024-07-02 15:30:00,active investing is suited to the uncertain markets ahead
536,JPM,2024-11-08 15:30:00,wells fargo bank decreases prime rate to 7 75 percent
537,AAPl,2024-05-24 15:30:00,landsea homes closes on 500 homesites for a community in dublin california
538,JPM,2024-11-19 15:30:00,jpm ratings upgraded by s p global a proof of strength and resilience
539,AAPl,2023-12-30 15:30:00,apple s stock underperformed top tech peers in 2023 due to longest revenue slide in 22 years
540,AAPl,2024-03-09 15:30:00,schx as cheap as it gets for large cap exposure
541,JPM,2025-04-09 10:30:00,fidelity vanguard launch bond etfs
523,JPM,2025-04-16 15:30:00,sec delays staking decision on grayscale s ethe eth
522,JPM,2024-12-11 15:30:00,money managers circling in on muni etf space
521,AAPl,2024-09-05 12:30:00,a dot com like bust isn’t in the cards for ai investors who diversify
520,JPM,2025-03-02 12:30:00,state street to buy mizuho s custody business
503,AAPl,2024-07-24 15:30:00,credit card prequalification gives control to the consumers
504,JPM,2024-12-13 15:30:00,kodiak gas services announces public offering of common stock by selling stockholder
505,AAPl,2024-05-21 15:30:00,this might just be yieldmax’s craziest etf yet 104 56 dividend yield
506,JPM,2024-11-12 15:30:00,dbs reaffirms their hold rating on automatic data processing adp
507,JPM,2025-01-23 15:30:00,latest host might sell 10 largest courtyard for ksa rosewood adds dominican
508,JPM,2025-05-28 15:30:00,circle launches initial public offering
509,AAPl,2024-09-28 15:30:00,guo mingxi meta ar glasses orion will be mass produced as early as 2027 positioning to replace mobile phones and computers
510,JPM,2024-12-17 15:30:00,ai bandwagon gathers pace in europe with blackrock etf launches
511,AAPl,2024-01-11 15:30:00,skyx’s all in one smart platform is everything from a smart speaker to a smoke detector
512,AAPl,2024-01-27 15:30:00,ai the dragon what trends will dominate 2024
513,AAPl,2024-05-22 15:30:00,trump media stock slides after reporting 6m q1 loss
514,AAPl,2024-10-01 15:30:00,ingram micro ipo revenue details go live
459,JPM,2025-08-30 13:30:00,lumentum stock surge buying opportunity
516,AAPl,2024-10-01 15:30:00,goldman sachs reiterates buy rating on jabil jbl
517,AAPl,2024-04-03 15:30:00,eqt corp eqt to acquire avetta from wcas
518,AAPl,2024-05-16 15:30:00,apple’s planning a stock buyback here s why poole thought leadership
519,JPM,2025-01-15 15:30:00,jpmorganchase announces responsibilities for senior leaders
460,PLTR,2024-11-15 15:30:00,bitcoin punches past another record zeroes in on 000
442,AAPl,2024-08-29 13:30:00,landsea homes sells out at 55 community at verrado in buckeye
458,JPM,2025-01-25 14:30:00,keycorp plans more hiring for wealth management investment banking businesses
405,AAPl,2024-05-11 15:30:00,faulty insulin pump tech led to hundreds of injuries prompting app recall
397,JPM,2024-12-25 15:30:00,applovin corp clo victoria valenzuela sells in stock
398,JPM,2025-07-30 15:30:00,procter gamble beats estimates but warns tariffs will start to weigh on earnings
399,AAPl,2024-03-05 15:30:00,magnificent seven vs the ‘granolas’ how does europe’s version stack up
400,JPM,2024-11-04 15:30:00,etf trading silver etfs outperform gld amid strong metals rally
401,AAPl,2024-04-03 15:30:00,f5 networks ffiv appoints kunal anand as chief technology officer
402,JPM,2024-12-18 10:30:00,the bond market is experiencing a super week with the 30 year treasury bond etf rising more than 20 this year and institutions state that volatility may continue after the year
403,AAPl,2024-01-31 15:30:00,gogoro unveils flagship smartscooter pulse
404,JPM,2025-07-16 15:30:00,us stock market future slips as trump’s 30 tariffs rattle global trade dow s p 500 nasdaq dip while bo
406,JPM,2025-04-18 15:30:00,blackrock s p 500 etf caps companies at 3 weight
457,JPM,2025-02-10 15:30:00,morgan stanley initiates coverage on heartflow stock with equalweight rating
407,JPM,2024-12-19 15:30:00,gold vs gold equities the disconnect won’t last
408,AAPl,2024-05-01 11:30:00,how to buy alphabet google stock online in 2025
409,PLTR,2024-09-14 15:30:00,10 high risk stocks to avoid
410,AAPl,2024-09-17 15:30:00,ios 18 is available today making iphone more personal and capable than ever
411,AAPl,2024-01-25 09:30:00,corning s indian jv signs mln investment deal with tamil nadu state
412,JPM,2025-01-25 15:30:00,northern trust am exits climate action 100 net zero asset managers initiative
413,JPM,2024-12-18 13:30:00,galicia considers stock issuance and calls for mortgage securitization
414,AAPl,2024-06-15 15:30:00,apple reigns again as most valuable u s company for first time since january
396,JPM,2025-04-26 14:30:00,steep rise why united rentals’ stock climbed
395,JPM,2024-12-04 15:30:00,western union banks on first party data to woo brands to its media network
394,AAPl,2024-03-16 15:30:00,apple highlights stryker an njit alum s medical tech group for visionpro app
393,JPM,2025-05-29 15:30:00,ai health tech company caris life files to go public on the nasdaq
376,JPM,2024-11-14 15:30:00,wells fargo touches all time high as analyst hikes price target to level
377,AAPl,2024-05-16 15:30:00,gap inc selects omnicom as media aor reorganizes key media functions
378,JPM,2025-05-20 15:30:00,pseg power in 25 billion offering
379,AAPl,2024-08-10 15:30:00,should vanguard russell 1000 growth etf vong be on your investing radar
380,JPM,2024-11-19 15:30:00,fat brands announces refinancing of twin peaks credit facility
381,JPM,2025-08-20 15:30:00,mike cagney s figure technology publicly files for ipo revenue grows 22 in first half of 2025
382,AAPl,2024-02-16 14:30:00,meta settles lawsuit over haptic feedback tech in quest headsets
383,AAPl,2024-05-09 15:30:00,can crowding scores quantify us stocks’ fragility
384,AAPl,2024-09-15 11:30:00,resmed lauds apple’s sleep apnoea detection feature
385,JPM,2024-11-23 15:30:00,putin’s pipeline how the kremlin outmaneuvered western oil companies to wrest control of vast flows of kazakhstan’s crude
386,AAPl,2024-02-23 15:30:00,the companies we’re watching during proxy voting season 2024
387,AAPl,2024-03-13 12:30:00,alphabet is the bargain stock among the ‘magnificent seven’
388,AAPl,2024-08-23 11:30:00,ai stock eyes early buy trigger as profits surge
389,AAPl,2024-04-20 15:30:00,why kartoon studios toon shares are falling
390,JPM,2024-11-19 15:30:00,public pressure mounts for kiwisaver funds to invest ethically
391,AAPl,2024-02-23 15:30:00,dimensional etfs and more on syfe custom portfolio
392,JPM,2024-12-14 15:30:00,hobbs brook real estate signs 125 500 s f of leases renewals at 1301 atwood ave
415,AAPl,2024-08-28 15:30:00,immersion stock surges as it monetizes haptic technology patents
416,AAPl,2024-09-28 15:30:00,interdigital ibd stock of the day flirts with buy point after analyst day
417,AAPl,2024-02-01 15:30:00,payments firm paypal to reduce global workforce by 9 in 2024
438,JPM,2024-11-20 11:30:00,j p morgan sticks to their buy rating for newmont corporation chess nem
440,JPM,2024-12-18 15:30:00,who owns ross stores
441,AAPl,2024-09-12 15:30:00,ireland’s special relationship with apple and google has created a multibillion dollar windfall—and an existential crisis
543,AAPl,2024-02-03 15:30:00,vishay unveils high speed photodiode for wearable devices
443,AAPl,2024-07-20 15:30:00,goplay chinese kids games by ihuman inc
444,AAPl,2024-04-04 15:30:00,target shopper data streaming tv ads are key to its sales
445,AAPl,2024-01-27 09:30:00,apple device management software company jamf plans to layoff 6 of employees
446,JPM,2024-11-28 15:30:00,j p morgan downgrades alexandria real estate on soft life sciences leasing demand
447,JPM,2025-03-25 15:30:00,deutsche bank mudrick sue ambac over million transfer
448,AAPl,2024-03-29 15:30:00,a product allows 5x leveraged bets on the magnificent seven traders should be wary
449,AAPl,2024-01-05 15:30:00,markets in focus concentrating on diversification
450,JPM,2025-07-08 15:30:00,ionq announces pricing of 0 billion equity offering
451,JPM,2024-12-05 15:30:00,orange bank trust to open bronx location in 2025
452,JPM,2025-05-24 15:30:00,southwest gas holdings announces closing of secondary public offering of centuri holdings inc common stock
453,AAPl,2024-04-03 15:30:00,pdd holdings is the chinese e commerce giant worth the risk
454,JPM,2024-11-27 12:30:00,dealmaker sees more urge to merge among smaller banks — yours may be among them
455,JPM,2025-01-16 15:30:00,flowco holdings inc announces pricing of initial public offering
456,JPM,2025-01-16 15:30:00,the case for active fixed income in 2025
439,AAPl,2024-01-16 15:30:00,optimizing communication and data sharing in multi core soc designs
437,AAPl,2024-01-28 14:30:00,intuitive surgical isrg seeks fda nod for next gen da vinci 5
418,JPM,2024-11-14 15:30:00,ipower secures jpmorgan credit facility expandable to through 2027
436,JPM,2024-11-28 15:30:00,risk off sentiment puts global bonds back in focus
419,AAPl,2024-07-03 15:30:00,affirm card users data compromised in evolve bank cybersecurity breach report
420,JPM,2024-12-14 15:30:00,top 10 fidelity competitors and alternatives 2025
421,AAPl,2024-07-10 13:30:00,apple may start ipad production in india airpod charging cases at jabil facility in pune says report
422,AAPl,2024-08-28 15:30:00,3 dividend growth stocks that a top rated vanguard fund manager likes
423,AAPl,2024-08-30 15:30:00,msa safety honored with outstanding innovator award
424,JPM,2025-02-01 15:30:00,etf wrap ai powered etfs the focus in active
425,AAPl,2024-01-11 15:30:00,best socially responsible investment apps of january 2024
426,AAPl,2024-09-25 15:30:00,hello group undervalued with expertise in app development makes it attractive
427,JPM,2025-02-13 15:30:00,goldman sachs ends ipo diversity policy citing legal developments
428,AAPl,2024-06-28 15:30:00,a shakeup for technology etfs
429,AAPl,2024-07-12 15:30:00,value investors cooling their heels as growth stocks stay hot
430,AAPl,2024-07-10 15:30:00,what broadening rally ai stocks dominate us market again in q2
431,AAPl,2024-03-08 13:30:00,how to invest in technology
432,AAPl,2024-03-30 15:30:00,sec sides with adf attorneys denies wells fargo charles schwab attempts to dodge shareholders
433,JPM,2024-11-10 12:30:00,why shares of quantumscape first solar and chargepoint plunged in october
434,JPM,2025-04-17 15:30:00,first american financial names ceo and cfo
435,AAPl,2024-09-25 15:30:00,artificial intelligence and adaptive portfolio management
542,JPM,2025-05-21 15:30:00,take two interactive software inc announces proposed public offering of common stock
560,JPM,2024-11-15 15:30:00,blackrock launches s p 500 top 20 etf
544,AAPl,2024-04-26 11:30:00,kkr joins global cos betting billions of dollars in fastest growing india
660,JPM,2025-06-14 15:30:00,biotech enliven therapeutics unveils massive stock offering with pre funded warrants option
652,JPM,2025-04-18 15:30:00,jpmorgan’s maier sees paradigm shift to active management in etfs
653,AAPl,2024-08-01 15:30:00,the apple of one business reporter’s eye published 2024
654,SCHW,2025-08-17 11:30:00,charles schwab stock price target raised to by truist on strong growth
655,JPM,2025-04-01 09:30:00,why jpmorgan blackrock want to privatize more of your stock and bond money in volatile market
656,JPM,2025-07-12 09:30:00,hewlett packard enterprise stock hits all time high of 25 44 usd
657,AAPl,2024-03-23 09:30:00,the u s sues apple saying it abuses its power to monopolize the smartphone market
658,AAPl,2024-04-10 15:30:00,apple signs deal for ai training data from image service shutterstock
659,AAPl,2024-04-19 15:30:00,ihg hotels resorts launches apple airplay in north american hotels
661,JPM,2025-06-03 15:30:00,chime financial chym ipo what you need to know
671,AAPl,2024-03-22 15:30:00,meta microsoft x and match join epic games battle against apple
662,JPM,2024-12-19 15:30:00,3 regional bank stocks to buy on relaxed regulations
663,JPM,2024-11-17 15:30:00,why this fidelity bond etf has outperformed over the long term
664,JPM,2024-12-25 14:30:00,metlife expands asset management arm with up to 2 bln deal for pinebridge
665,JPM,2025-02-23 15:30:00,getty images holdings inc announces comprehensive refinancing of approximately 042 billion existing term loans
666,AAPl,2024-03-14 15:30:00,will warren buffett keep selling apple
667,JPM,2025-08-09 11:30:00,greystone housing impact investors lp reports q2 2025 financial results and business outlook ghi stock
668,AAPl,2024-09-05 11:30:00,this type of index fund might help you after the s p 500’s concentration peaks
669,JPM,2025-06-15 11:30:00,barnwell industries triumphs in court boosting investor confidence​
651,JPM,2025-07-08 15:30:00,jpmorganchase signs on at sauer center office building
650,JPM,2025-07-27 15:30:00,northern trust corporation nasdaq ntrs just released its second quarter results and analysts are updating their estimates
649,JPM,2025-03-28 11:30:00,j p morgan real estate income trust inc expands portfolio with acquisitions of two attainable housing assets
648,AAPl,2024-06-28 15:30:00,what’s the secret sauce in this high income fund
631,AAPl,2024-05-25 13:30:00,live nation entertainment stock tumbles as doj announces antitrust suit
632,AAPl,2024-06-19 15:30:00,venu sports announces management team under ceo pete distad
633,AAPl,2024-02-01 15:30:00,corning beats quarterly sales estimates signals improving demand for fiber optics
634,AAPl,2024-09-11 15:30:00,video etf of the week alps equal sector weight etf eql
635,JPM,2025-01-19 15:30:00,glp 1s and brian thompson’s killing loom large at top health care conference
636,JPM,2025-04-30 15:30:00,flotek acquires innovative mobile power generation assets and secures multi year lease providing million revenue backlog and immediate earnings accretion
637,AAPl,2024-09-10 15:30:00,4 charts on the us rotation out of growth and tech stocks
638,JPM,2025-04-02 15:30:00,stick with investment grade corporate bonds amid uncertainty
639,AAPl,2024-06-11 15:30:00,private cloud compute a frontier for ai privacy in the cloud
640,AAPl,2024-09-23 15:30:00,is the ishares russell 1000 growth etf a millionaire maker
641,AAPl,2024-06-18 15:30:00,trade the ai trend with this pair of leveraged etfs
642,JPM,2025-01-31 15:30:00,the lme wave
643,AAPl,2024-07-28 15:30:00,us to award amkor up to million for chip packaging plant
644,JPM,2024-12-05 15:30:00,with 65 ownership of the shares nbt bancorp inc nasdaq nbtb is heavily dominated by institutional owners
645,JPM,2025-04-26 15:30:00,lobbying 220 000 of mckesson corporation affiliates u s oncology and rx savings solutions lobbying was just disclosed mck stock
646,JPM,2025-07-29 15:30:00,ford motor co takes out a line of credit amid economic uncertainty
647,AAPl,2024-06-21 15:30:00,3 etfs to watch as tech looks unlikely to slow down
670,PLTR,2024-07-24 15:30:00,palantir cfo david glazer sells shares worth over 6 million
672,JPM,2025-06-29 15:30:00,3 reasons to buy fas and 3 reasons not to
545,AAPl,2024-02-16 15:30:00,relx share price spiked up 3 but later fell on fy 2023 results
703,AAPl,2024-01-20 15:30:00,your s p 500 index fund has higher risk than you may think
695,AAPl,2024-07-10 15:30:00,revisiting hong kong optimism still improving even as rally gets tested
696,JPM,2024-11-06 15:30:00,equitable hones in on annuity delivery across channels after strong q3
697,AAPl,2024-08-13 15:30:00,3 principal financial group mutual fund for strong returns
698,JPM,2025-08-23 11:30:00,first ever third party custody on blockchain state street joins jpmorgan s digital debt platform
699,JPM,2025-03-13 13:30:00,deutsche bank goes on hiring spree to boost emerging market team
700,JPM,2025-08-06 15:30:00,live oak bancshares inc closes depositary share offering
701,JPM,2025-05-23 15:30:00,coca cola andina un pilar en la industria de bebidas de américa latina
702,PLTR,2024-09-27 15:30:00,apa extends ai software agreement with palantir
704,AAPl,2024-02-03 15:30:00,aptiv to cut stake in motional self driving jv with hyundai
673,JPM,2025-02-22 15:30:00,elme communities could be for sale
705,JPM,2025-01-14 15:30:00,ai enables major healthcare advances at jp morgan event
706,JPM,2025-07-25 15:30:00,altria group extends billion credit agreement by one year to 2029
707,AAPl,2024-03-20 12:30:00,gaia launches gaia the world’s most extensive streaming platform for transformation
708,JPM,2025-03-13 15:30:00,jp morgan am unveils europe first active em local bond etf in double launch
709,AAPl,2024-05-17 15:30:00,buffett’s berkshire reveals 7 billion stake in insurer chubb
710,AAPl,2024-06-25 11:30:00,iwf is a great choice for most but i like vug etf better
711,JPM,2024-11-22 09:30:00,blackrock accused of contributing to climate and human rights abuses
712,JPM,2024-12-07 15:30:00,trump names milwaukee’s fiserv ceo to run social security advocate is wary
694,JPM,2025-08-06 15:30:00,j p morgan am launches india equity active etf
693,JPM,2024-12-06 15:30:00,coterra energy ctra announces 5 billion senior notes offering
692,AAPl,2024-03-28 15:30:00,rere initiation leading recycling platform in china’s burgeoning circular economy
691,AAPl,2024-02-05 10:30:00,these etfs could help investors reduce big tech exposure
674,AAPl,2024-08-15 15:30:00,apple stock is gaining momentum is aapl stock a buy
675,AAPl,2024-03-24 15:30:00,masimo plans to spin off consumer business
676,AAPl,2024-06-18 15:30:00,3 great funds for the class of 2024
677,JPM,2024-12-08 15:30:00,goldman sachs quits global climate coalition for banks
678,PLTR,2024-11-09 15:30:00,a i investor day agix bell ringing at nasdaq
679,AAPl,2024-08-07 15:30:00,should you invest in the fidelity msci information technology index etf ftec
680,JPM,2025-04-20 12:30:00,regulators approve merger of capital one and discover financial
681,AAPl,2024-06-14 15:30:00,apple adds bnpl offerings from rivals
682,SCHW,2025-10-24 13:30:00,etf fees are falling to zero as sofi plans first no cost funds
683,AAPl,2024-09-14 15:30:00,top eu court rules apple owes ireland over in back taxes
684,JPM,2025-03-21 15:30:00,choiceone financial services completes consolidation of the state bank
685,AAPl,2024-09-11 15:30:00,apple supplier jabil to set up rs 2 000 crore mfg unit in tiruchirapalli
686,AAPl,2024-06-08 14:30:00,nvidia overtakes apple as no 2 most valuable company
687,AAPl,2024-03-15 15:30:00,lacie introduces rugged mini ssd with up to 4tb capacity
688,AAPl,2024-01-11 15:30:00,software glitch behind recalled app could drastically increase insulin delivery
689,AAPl,2023-12-07 15:30:00,amex ceo talks co brand partnerships after apple reports
690,JPM,2025-05-08 15:30:00,how investment grade credit can deliver in times of uncertainty
630,AAPl,2024-03-08 11:30:00,hp inc ceo security will be a ‘key advantage’ in our ai pc strategy
629,AAPl,2024-09-22 10:30:00,politan prevails in masimo proxy fight gaining 2 board seats and ousting ceo joe kiani
628,JPM,2024-12-21 15:30:00,warren warns occ fed of ‘malfeasance’ on capital one discover
575,AAPl,2023-12-09 14:30:00,tesla’s dojo supercomputer head exits in blow to efforts
567,AAPl,2024-03-21 15:30:00,meta bows down to eu regulations after apple and google cut subscription prices for ad free facebook and instagram
568,JPM,2024-12-12 15:30:00,eaton vance’s core plus bond etf passes billion in aum
569,AAPl,2024-05-29 12:30:00,the justice department is suing ticketmaster and live nation what does that mean for concertgoers
570,JPM,2024-12-13 15:30:00,maa announces pricing of senior unsecured notes offering
571,AAPl,2024-02-29 15:30:00,a wonderful options based dividend focused etf
572,JPM,2024-12-20 15:30:00,food distributor hf foods group names permanent ceo
573,AAPl,2024-03-20 12:30:00,options bulls resume blitz on alphabet stock
574,AAPl,2024-04-09 15:30:00,if i could only buy and hold 1 vanguard etf for the next 5 years this would be my top pick
576,JPM,2025-06-19 15:30:00,sustainable investing in emerging markets making an impact with active fixed income etfs
627,AAPl,2024-05-31 14:30:00,as apple s iphone 16 launch nears report says more than half of world s smartphones will be ai capable by 2028 here are top 5 use cases
577,JPM,2025-07-16 15:30:00,gunjan kedia acsends to ceo of u s bancorp
578,JPM,2024-11-05 15:30:00,truist adds jpmorgan exec to lead mid corporate unit
579,JPM,2024-11-23 15:30:00,wynn al marjan building structure 55pct complete promoter
580,AAPl,2023-12-09 15:30:00,just 3 of the magnificent seven have outperformed the s p 500 since 2022 here s the one i d buy for 2024 and 2025
581,AAPl,2024-05-10 15:30:00,tech stock dividends are changing the face of dividend growth investing
582,AAPl,2024-07-11 10:30:00,salesforce and other software stocks are expected to bounce back in a big way
583,JPM,2024-11-02 15:30:00,epam completes acquisition of neoris
584,JPM,2025-08-09 12:30:00,kennedy wilson kw q2 2025 earnings transcript
566,AAPl,2024-08-16 15:30:00,warren buffett still holds 400m apple shares reveals investments in ulta beauty and heico — elon musk calls berkshire hathaway s cash reserves wild
565,JPM,2025-05-08 15:30:00,american homes 4 rent announces pricing of public offering of million of 4 950 senior notes due 2030
564,JPM,2025-02-04 15:30:00,dimensional fund advisors plots european etf entry
563,AAPl,2024-02-24 15:30:00,episode 522 wes gray robert elwood on how to convert a separately managed account sma to an etf
546,JPM,2024-12-06 15:30:00,are managed futures etfs nearing a europe comeback
547,AAPl,2024-09-10 15:30:00,apple’s cfo appointed indian origin kevan parekh will succeed luca m
548,AAPl,2024-09-11 15:30:00,key apple supplier jabil to set up electronics manufacturing unit in trichy
549,AAPl,2023-12-08 14:30:00,why investors should keep an eye on small cap stocks
550,AAPl,2024-07-10 14:30:00,corning raises second quarter core sales forecast driven by ai boom
551,JPM,2024-12-28 15:30:00,ascentage pharma to present at 43rd annual j p morgan healthcare conference
552,JPM,2025-06-26 13:30:00,anthony pompliano raises for bitcoin treasury company in record spac deal
553,AAPl,2024-07-12 15:30:00,apple aims to ship 10 more iphones this year after bumpy 2023
554,AAPl,2024-08-29 15:30:00,berkshire just crossed trillion is it a buy
555,AAPl,2024-06-21 15:30:00,insulet fully launches omnipod 5 with dexcom g7 in the u s along with iphone app
556,AAPl,2024-08-30 15:30:00,apple fends off appeal of win in mln university of wisconsin patent case
557,JPM,2024-11-20 15:30:00,kkr sells onestream shares for million
558,JPM,2025-05-11 15:30:00,investment grade credit rating what does it mean
559,AAPl,2024-03-06 15:30:00,‘funflation’ technology driving music industry resurgence
374,AAPl,2024-09-25 15:30:00,apple unexpectedly fell on rebalancing day who is the culprit
561,AAPl,2024-07-14 12:30:00,apple intelligence strategy ai impact on enterprises
562,JPM,2025-02-22 15:30:00,why iqiyi inc iq crashed on thursday
585,JPM,2025-07-09 15:30:00,financial firms pick charlotte for 750 jobs
586,JPM,2024-12-19 15:30:00,india file in 2025 stock markets face a glass half full
587,AAPl,2024-06-06 15:30:00,5 things you need to know before nvidia s stock split
608,JPM,2025-07-25 15:30:00,institutional investors may adopt severe steps after super micro computer inc s nasdaq smci latest 6 2 drop adds to a year losses
610,PLTR,2025-04-24 15:30:00,palantir teases titan ai combat vehicle with northrop grumman anduril l3harris
611,AAPl,2024-02-03 15:30:00,apple skechers fall amazon deckers outdoor rise friday 2 2 2024
612,JPM,2024-12-24 15:30:00,why is schlumberger limited slb one of the top oil and gas stocks to invest in according to hedge funds
613,JPM,2024-12-11 15:30:00,omnicom to take over interpublic group john wren to continue as ceo and chairman
614,AAPl,2024-09-12 15:30:00,jabil inc to invest rs 2 000 crore in trichy
615,JPM,2025-06-11 14:30:00,barclays cuts more than 200 investment bank jobs to reduce costs
616,JPM,2025-07-18 15:30:00,citizens and u s bancorp post strong q2 latest from washington on the genius act
617,JPM,2025-01-23 15:30:00,disc medicine announces proposed public offering of common stock and pre funded warrants
618,JPM,2025-06-04 15:30:00,fed lifts wells fargo’s asset cap
619,AAPl,2024-09-21 15:30:00,apple ships billion of iphones from india in big china shift
620,JPM,2025-04-04 15:30:00,why europe is yet to see a non aaa clo etf
621,JPM,2024-11-07 15:30:00,jp morgan am brings us equity premium income etf to europe
622,AAPl,2024-06-25 15:30:00,apple is first tech company accused of violating eu s competition law
623,AAPl,2024-05-17 14:30:00,google glass making a comeback prototype ar glasses make a cameo appearance at i o 2024
624,AAPl,2024-05-08 15:30:00,2 great large cap etfs
625,AAPl,2024-09-27 15:30:00,apple’s lisa jackson on how to design for sustainability
626,JPM,2025-06-14 15:30:00,las vegas sands judged world’s largest gaming company by forbes ranking
609,JPM,2025-01-14 15:30:00,blackstone sells preferred equity stake in citycenter to realty income
607,JPM,2025-08-07 15:30:00,super micro computer stock falls as much as 16 after quarterly results profit forecast miss estimates
588,AAPl,2024-03-13 15:30:00,apple v rivos lessons for companies facing claims of trade secret theft us
606,JPM,2024-11-15 15:30:00,kkr and dragoneer complete acquisition of instructure
589,AAPl,2024-06-05 15:30:00,these san diego and california companies made the 2024 for 500 list
590,JPM,2024-11-02 15:30:00,mdu resources completes spinoff of everus construction group
591,JPM,2025-03-08 15:30:00,investors are rethinking u s exceptionalism—and shifting to europe
592,JPM,2025-05-08 15:30:00,divest from china with avxc’s emerging market strategy
593,AAPl,2024-10-01 15:30:00,resmed unveils collection of digital and personalized solutions designed to improve sleep health
594,JPM,2024-12-07 15:30:00,trump names fiserv ceo as his social security administration commissioner
595,JPM,2025-08-13 13:30:00,citigroup ubs lift s p 500 year end targets echoing wall street peers
596,JPM,2025-07-11 10:30:00,ralph lauren stock hits all time high at 289 34 usd
597,JPM,2025-08-09 13:30:00,fund cincinnati insurance co added 57 500 shares of microchip technology to their portfolio mchp stock
598,SCHW,2025-09-18 15:30:00,charles schwab to add 16 branches hire 400 as client growth surges
599,AAPl,2024-03-03 15:30:00,dow s nearly 125 point rally led by gains for shares of nvidia corp cisco
600,AAPl,2024-05-24 15:30:00,vivek ramaswamy spent 3 million to buy 8 of buzzfeed how much damage could he do with that stake
601,JPM,2024-11-14 15:30:00,crane nxt secures credit and £300m term loans
602,AAPl,2024-01-17 15:30:00,jabil announces collaboration with fintech leader revolut
603,AAPl,2024-01-18 10:30:00,unlocking the potential of pure research at interdigital
604,AAPl,2024-01-23 15:30:00,higher s p 500 earnings could benefit this active etf
605,AAPl,2024-01-27 15:30:00,what gentex’s acquisition of esight means for the electronic eyewear market
375,JPM,2024-11-21 15:30:00,santander asset management en chile designa dos nuevos directores luego de renuncias y completa cargos
357,JPM,2025-01-01 11:30:00,deals recruiting roundup seia raymond james osaic citi and more
373,AAPl,2023-12-21 15:30:00,qorvo to sell chinese assembly test factories to luxshare
148,SCHW,2025-12-01 13:30:00,tejara capital ltd has 38 million holdings in halliburton company
140,SCHW,2025-04-18 15:30:00,market volatility fuels record revenue for schwab and stock surges
141,SCHW,2025-10-25 12:30:00,2025 modern wealth survey shows american investors are expanding beyond traditional portfolios to further diversify and help find success in today’s market
142,SCHW,2025-10-21 15:30:00,short interest in guardian pharmacy services inc nyse grdn increases by 127 4
143,SCHW,2025-11-01 10:30:00,world investment advisors cuts stock holdings in merck co inc
144,SCHW,2025-10-30 15:30:00,wealthfront advisers llc lowers holdings in exxon mobil corporation
145,PLTR,2025-03-16 15:30:00,palantir technologies president sells shares worth over million
146,SCHW,2025-07-19 15:30:00,charles schwab q2 etf assets jump 26 as markets rise
147,SCHW,2025-12-02 11:30:00,state board of administration of florida retirement system purchases 604 370 shares of fastenal company
149,JPM,2025-07-30 15:30:00,celcuity inc announces concurrent public offerings of convertible senior notes due 2031 and common stock
159,SCHW,2025-10-24 15:30:00,charles schwab’s q3 earnings call our top 5 analyst questions
150,JPM,2025-03-12 14:30:00,short term bond etfs rake in billions amid recession alarm bells
151,SCHW,2025-09-04 15:30:00,cyber hornet etfs changes nasdaq ticker to bbb for its s p 500® and bitcoin 75 25 strategy etf
152,SCHW,2025-10-25 15:30:00,is schwab emerging markets equity etf stock undervalued after correction long setup weekly top gainers alerts
153,SCHW,2025-07-19 15:30:00,charles schwab earnings firing on all cylinders amid heavy trading
154,PLTR,2025-01-03 15:30:00,palantir and duolingo the ai powerhouses driving agix’s success
155,PLTR,2024-12-19 15:30:00,video ai specialist maris tech surges on release of ‘uranus drones’ system
156,SCHW,2025-10-26 15:30:00,alphaquest llc takes 33 million position in home bancshares inc
157,NET,2024-11-01 15:30:00,workers builds integrated ci cd built on the workers platform
139,JPM,2025-07-01 15:30:00,home depot making 3 billion acquisition in expansion of pro offerings
138,PLTR,2024-12-31 15:30:00,3 market beating growth stocks to watch in 2025
137,PLTR,2024-08-14 15:30:00,surf air mobility announces plan to form venture surf air technologies llc and enters agreement with palantir technologies inc to power operating system for the advanced air mobility industry
136,JPM,2025-06-21 15:30:00,with 83 ownership alliant energy corporation nasdaq lnt boasts of strong institutional backing
119,SCHW,2025-10-25 12:30:00,is the charles schwab corporation building a consolidation base trade volume summary precise buy zone identification
120,SCHW,2025-10-21 15:30:00,happy 20th anniversary to bond etfs
121,SCHW,2025-10-21 15:30:00,types of bond fund yields and what they mean
122,PLTR,2025-05-01 15:30:00,we discuss why the ceo of tyler technologies inc nyse tyl is due for a pay rise
123,JPM,2025-08-08 15:30:00,dgro etf surges as dividend growth leaders outperform amid market volatility
124,SCHW,2025-10-28 15:30:00,convergence investment partners llc sells 3 922 shares of simon property group inc
125,JPM,2025-06-15 15:30:00,vertex pharmaceuticals vrtx stock moves 1 00 what you should know
126,SCHW,2025-10-31 11:30:00,merck co inc shares bought by buck wealth strategies llc
127,SCHW,2025-04-01 15:30:00,ex schwab ceo bettinger re emerges at buyout firm cd r
128,JPM,2025-07-30 15:30:00,buffett s berkshire sells one third of verisign stake for 23 billion
129,PLTR,2024-10-18 15:30:00,invest in the a i ecosystem with agix
130,JPM,2025-08-30 15:30:00,who owns servicenow biggest shareholders and recent insider trades
131,PLTR,2025-01-01 15:30:00,these 20 stocks in the s p 500 rose the most in 2024
132,JPM,2025-07-24 15:30:00,bank earnings propel financial sector s success
133,JPM,2025-07-30 15:30:00,citi announces research expansion into private industry mostly tech firms
134,PLTR,2024-10-16 15:30:00,l3harris integrates wescam mx 20 eo ir with palantir’s sip
135,JPM,2025-06-02 15:30:00,bonds with credit risk may outperform government debt
158,PLTR,2025-02-08 10:30:00,replay 2025 ai outlook investing in ai’s present and future
160,SCHW,2025-12-01 11:30:00,state board of administration of florida retirement system has 88 million holdings in general dynamics corporation
372,AAPl,2024-05-19 15:30:00,this top dow etf is crushing the nasdaq and the s p 500 over the last month here s what that means for the market rally
191,JPM,2025-06-28 15:30:00,bond giant pimco sees emerging markets in goldilocks moment
183,JPM,2025-08-21 15:30:00,truist kicks off a major branch expansion
184,SCHW,2025-09-21 12:30:00,rex osprey hybrid spot xrp etf makes 2025 record debut
185,JPM,2024-12-05 15:30:00,vistra corp a winning bet on the future of renewable energy
186,JPM,2025-08-08 15:30:00,the rmr group announces 0 billion refinancing of vertex pharmaceuticals’ headquarters in boston seaport district
187,JPM,2024-12-11 15:30:00,morgan stanley smith barney fined by sec for inadequate supervision
188,JPM,2025-08-15 15:30:00,lender m a huntington expands texas presence with 9b veritex acquisition
189,JPM,2025-08-20 13:30:00,antelope enterprise holdings limited enters phase two of bitcoin strategy with bitgo partnership aehl stock
190,NET,2024-11-09 15:30:00,cloudflare inc net q3 2024 earnings call highlights strong revenue growth amid sales challenges
192,JPM,2025-02-13 15:30:00,jpmorgan chase reduces stake in prs reit to 6 37
161,SCHW,2025-08-14 15:30:00,fund charles schwab investment management inc opened a 0m position in stock
193,JPM,2025-07-17 15:30:00,citigroup earnings improved profitability driven by higher nii
194,JPM,2025-07-23 15:30:00,video etf of the week bkdv
195,JPM,2025-02-07 15:30:00,5 top performing european funds of 2024
196,JPM,2025-05-30 15:30:00,priming asia’s etf growth
197,JPM,2025-05-01 15:30:00,realty income recasts and expands credit facilities to 38 billion
198,JPM,2025-08-27 15:30:00,investcore 2031
199,JPM,2025-06-15 11:30:00,circle internet group sees shares soar on nyse debut
200,JPM,2025-06-13 15:30:00,why do shareholders oppose executive pay at ct based elevator and escalator firm otis
182,JPM,2024-12-07 15:30:00,meet morgan stanley maker and d i champion carolina ureña
181,JPM,2025-02-18 15:30:00,physically backed gold etfs do not lend their gold post by joseph cavatoni gold focus blog
180,JPM,2025-05-01 15:30:00,live nation entertainment to participate in j p morgan s 53rd annual global technology media communications conference
179,NET,2024-05-08 15:30:00,unified risk posture management by cloudflare use cases
162,SCHW,2025-10-24 12:30:00,is the charles schwab corporation depositary stock a top pick for value investors 2025 volatility report weekly high return opportunities
163,SCHW,2025-04-18 15:30:00,schwab earnings diversified platform exhibits strength despite macro weakness
164,SCHW,2025-11-30 13:30:00,sumitomo mitsui financial group inc trims position in pepsico inc
165,JPM,2025-08-01 15:30:00,alexander s inc declares quarterly dividend of 50 per share alx stock
166,SCHW,2025-11-30 12:30:00,findlay park partners llp lowers holdings in eog resources inc
167,SCHW,2025-12-01 15:30:00,sl green realty corporation shares sold by charles schwab investment management inc
168,SCHW,2025-12-01 15:30:00,ingredion incorporated shares acquired by charles schwab investment management inc
169,SCHW,2025-11-02 13:30:00,after 2024 surge active etfs poised to surpass passive strategies
170,SCHW,2025-10-28 09:30:00,4 730 shares in wec energy group inc acquired by moloney securities asset management llc
171,NET,2024-03-06 15:30:00,simpler migration from netskope and zscaler to cloudflare introducing deskope and a descaler partner
172,SCHW,2025-07-19 15:30:00,schwab’s stock hits record high amid crypto plans 1 million trader accounts
173,SCHW,2025-02-12 09:30:00,schwab is buying back a chunk of its stock as td sells its 10 stake
174,SCHW,2025-12-01 15:30:00,rocket lab corporation shares sold by charles schwab investment management inc
175,PLTR,2024-12-14 15:30:00,palantir microstrategy and axon enterprise to join nasdaq 100
176,SCHW,2025-10-31 15:30:00,benchmark reiterates skyworks solutions swks hold recommendation
177,PLTR,2024-08-05 15:30:00,first pacific advisors llc reduces stake in alphabet
178,JPM,2025-04-10 15:30:00,clearwater analytics to acquire enfusion everything investors need to know enfn cwan merger
118,SCHW,2025-10-21 15:30:00,schj a bond etf to keep your eye on nysearca schj
117,JPM,2025-05-01 09:30:00,uber pulls back on remote work orders staff in 3 days a week report says
116,SCHW,2025-12-01 10:30:00,ovintiv inc holdings trimmed by franklin resources inc
60,SCHW,2025-10-22 15:30:00,cboe seeks to expand options trading into pre market after hours sessions cboe bats
52,SCHW,2025-10-23 15:30:00,3 great international value etfs
53,PLTR,2024-11-20 15:30:00,palantir director deletes x account after ‘etf buying’ post
54,JPM,2025-08-14 15:30:00,profrac holding corp announces pricing of public offering of class a common stock
55,SCHW,2025-11-30 13:30:00,groupama asset managment has 94 million stake in merck co inc
56,SCHW,2025-12-02 12:30:00,pepsico inc position cut by virtue capital management llc
57,SCHW,2025-12-01 15:30:00,global retirement partners llc buys holdings in delta air lines inc
58,SCHW,2025-10-26 10:30:00,conocophillips shares purchased by bleakley financial group llc
59,SCHW,2025-10-26 11:30:00,is schwab fundamental international equity etf fndf a strong etf right now
61,SCHW,2025-11-01 15:30:00,is wisdomtree u s high dividend etf dhs a strong etf right now
115,SCHW,2025-10-23 15:30:00,foster motley inc has 000 stock position in invesco rafi developed markets ex u s etf
62,SCHW,2025-11-30 15:30:00,clarkston capital partners llc boosts stake in pepsico inc
63,SCHW,2025-10-21 15:30:00,open lending corporation nasdaq lpro receives average rating of hold from analysts
64,PLTR,2024-11-20 15:30:00,palantir board member in a deleted x post said nasdaq move will force billions in etf buying and deliver tendies here s what this meme stock term means
65,SCHW,2025-10-21 12:30:00,truist financial corp sells 1 284 shares of hillman solutions corp
66,SCHW,2025-02-13 15:30:00,schwab bumps up fee for rias using its referral service
67,PLTR,2024-11-02 15:30:00,palantir ceo alex karp nets 6m from strategic stock sale as shares surge
68,SCHW,2025-04-18 15:30:00,schwab s client focused strategy continues to attract asset inflows
69,SCHW,2025-12-01 10:30:00,deckers outdoor corporation shares sold by franklin resources inc
51,SCHW,2025-12-02 09:30:00,edgewood management llc cuts stock holdings in bristol myers squibb company
50,SCHW,2025-11-02 15:30:00,j p morgan gets in on txse rush as parent company raises million in funding
49,SCHW,2025-10-29 15:30:00,envestnet asset management inc grows position in vici properties inc
48,SCHW,2025-09-19 14:30:00,charles schwab to open branch in mission bay san francisco business times
16,SCHW,2025-12-02 10:30:00,quadrant capital group llc grows stock holdings in eog resources inc
22,SCHW,2025-12-02 11:30:00,hsbc holdings plc sells 38 136 shares of edison international
23,SCHW,2025-12-02 11:30:00,level four advisory services llc buys 2 567 shares of rtx corporation
24,SCHW,2025-12-02 11:30:00,quadrature capital ltd invests 69 million in the charles schwab corporation
25,SCHW,2025-12-02 11:30:00,kenvue inc shares bought by state board of administration of florida retirement system
26,SCHW,2025-10-25 15:30:00,fidelity taps former schwab pm to head etf capital markets team
30,SCHW,2025-12-01 15:30:00,eastman chemical company shares purchased by charles schwab investment management inc
31,SCHW,2025-11-30 13:30:00,vinva investment management ltd has 34 million stock holdings in the charles schwab corporation
32,SCHW,2025-12-02 11:30:00,groupama asset managment decreases stock holdings in the charles schwab corporation
33,SCHW,2025-10-21 10:30:00,crux wealth advisors acquires 7 807 shares of the charles schwab corporation marketbeat
34,SCHW,2025-12-01 11:30:00,ceredex value advisors llc reduces stock position in delta air lines inc
37,SCHW,2025-12-01 15:30:00,rivian automotive inc shares acquired by charles schwab investment management inc
39,SCHW,2025-12-01 15:30:00,gen digital inc shares bought by charles schwab investment management inc
42,SCHW,2025-12-02 11:30:00,charles schwab investment management inc acquires 5 700 shares of allegion plc
45,SCHW,2025-12-02 11:30:00,prudential financial inc has 90 million holdings in ally financial inc
46,SCHW,2025-12-01 11:30:00,state board of administration of florida retirement system has 25 million stock position in the charles schwab corporation
47,SCHW,2025-09-07 14:30:00,the zacks analyst blog highlights apple novartis charles schwab community bancorp and optex systems
70,SCHW,2025-10-25 13:30:00,an introduction to structured products
71,SCHW,2025-12-01 15:30:00,bli banque de luxembourg investments has 67 million stock position in paychex inc
72,SCHW,2025-10-21 15:30:00,where does schwab stand after its 33 6 stock surge this year simplywall st
96,PLTR,2024-12-08 13:30:00,stocks to watch annual nasdaq 100 rebalancing set to begin which companies will enter and exit
98,PLTR,2024-10-15 15:30:00,l3harris and palantir demo successful integration of ai ml capabilities
99,SCHW,2025-04-17 15:30:00,schwab raising our fair value estimate on stronger asset growth assumptions
100,JPM,2025-08-16 15:30:00,citigroup no longer the value play that it once was rating downgrade nyse c
101,SCHW,2025-10-25 12:30:00,cookson peirce co inc purchases 3 383 shares of the charles schwab corporation
102,SCHW,2025-10-21 15:30:00,schj yield curve down despite shooting inflation expectations nysearca schj
103,SCHW,2025-04-18 15:30:00,charles schwab corp buys stake in wealth com and became latest of big three to chase the trillion dollar asset hand off
104,SCHW,2025-10-24 14:30:00,everything’s bigger in ishares’ texas etf
105,PLTR,2024-12-19 11:30:00,ai stock klaviyo breaks out to highs tops latest entry
106,SCHW,2025-10-21 09:30:00,swmg llc invests 000 in fastenal company
107,JPM,2025-08-08 15:30:00,unexpected surge in arista networks analyzing latest gains
108,PLTR,2024-09-25 15:30:00,cathie wood s ark invest buys 5m of paypal and 5m of pinterest shares continues offloading palantir
109,JPM,2025-07-17 15:30:00,banks shrink exposure to problem office loans led by wells fargo
110,JPM,2025-03-22 15:30:00,staking for ether etfs gathers steam as blackrock talks up potential nyse files on behalf of bitwise fund
111,PLTR,2024-11-30 15:30:00,better artificial intelligence stock palantir technologies vs ibm
112,SCHW,2025-10-21 15:30:00,rdvy is a popular dividend etf for passive income but is it the best
113,JPM,2025-08-23 15:30:00,hpe stock surges amidst ai advancements
114,SCHW,2025-12-02 09:30:00,huntington national bank purchases 12 921 shares of amazon com inc
97,JPM,2025-08-28 15:30:00,tout pour votre épargne 1er guide épargne de france
95,SCHW,2025-05-04 09:30:00,wall street giants to offer crypto trading
74,NET,2024-08-18 15:30:00,cloudflare executive sells over 6 million in company stock
94,SCHW,2025-04-20 15:30:00,rick wurster puts hard er date on schwab spot bitcoin launch after key hire and 400 surge in visits to its crypto site but isn t pulling down crypto red flags quite yet
75,SCHW,2025-11-30 15:30:00,clarkston capital partners llc has 51 million position in the charles schwab corporation
76,SCHW,2025-10-30 15:30:00,alphaquest llc purchases 34 122 shares of the mosaic company
77,SCHW,2025-12-01 15:30:00,wec energy group inc shares sold by financial advocates investment management
78,SCHW,2025-09-16 15:30:00,charles schwab reports 4 billion in core net assets for august
79,SCHW,2025-12-01 11:30:00,elevation point wealth partners llc has 34 million stake in eog resources inc
80,SCHW,2025-12-01 10:30:00,elo mutual pension insurance co sells 6 925 shares of wec energy group inc
81,SCHW,2025-12-01 15:30:00,charles schwab investment management inc trims position in pool corporation
82,SCHW,2025-11-30 12:30:00,korea investment corp reduces holdings in the charles schwab corporation
84,SCHW,2025-12-02 10:30:00,prudential financial inc acquires 4 374 shares of genuine parts company
85,SCHW,2025-09-18 15:30:00,business briefs charles schwab opening monarch beach branch
86,SCHW,2025-12-02 09:30:00,charles schwab investment management inc sells 9 831 shares of dycom industries inc
87,SCHW,2025-12-01 15:30:00,charles schwab investment management inc has 80 million stock holdings in h r block inc
89,SCHW,2025-06-05 15:30:00,schwab monitors prediction markets as kalshi targets brokerages
90,JPM,2025-06-04 15:30:00,norwalk based financial technology company factset announces ceo
91,SCHW,2025-10-21 12:30:00,blair william co il acquires position in whirlpool corporation defense world
92,SCHW,2025-10-25 15:30:00,bny mellon enters us etf market
93,JPM,2025-08-22 11:30:00,the indiana bank that lent to a who’s who of mortgage fraud players
201,JPM,2025-07-23 15:30:00,citi hires vargas from jpmorgan to lead equity capital markets in north america
202,JPM,2025-05-22 15:30:00,class a woodlands office building trades hands
203,JPM,2025-02-13 15:30:00,super micro says doj sec subpoenaed documents
319,JPM,2025-01-08 14:30:00,keycorp appoints j p morgan vet as head of key family wealth
311,AAPl,2024-06-02 15:30:00,road mapping leads to dead end ptab litigation blog insights
312,JPM,2025-08-15 15:30:00,fund invesco ltd opened a 6m position in eem stock
313,JPM,2025-05-07 15:30:00,as investors brace for volatility look to dividend etf fdvv
314,JPM,2025-07-02 13:30:00,brazil leads crypto etf race with hybrid bitcoin gold product
315,JPM,2024-11-13 15:30:00,hedge funds pile into banks dump green energy post us election goldman sachs says
316,JPM,2025-05-23 09:30:00,edible garden stock skyrockets on big
317,PLTR,2024-10-04 12:30:00,palantir technologies partners with edgescale ai to operationalize ai in manufacturing and utilities
318,JPM,2025-06-17 15:30:00,jpm launches active global government bond etf in europe
320,JPM,2025-03-04 15:30:00,zroz long bond etfs lead fixed income performance
288,PLTR,2024-11-27 10:30:00,palantir and nvidia rank high on list of companies with rising sales estimates
321,JPM,2024-12-06 15:30:00,jim cramer on eqt corporation eqt ‘it may be the single biggest beneficiary of trump’s election’
322,PLTR,2024-11-30 10:30:00,10 best prison and law enforcement stocks to invest in
323,JPM,2025-07-26 15:30:00,absci announces pricing of public offering of common stock
324,JPM,2025-08-29 11:30:00,bitwise seeks approval for first u s spot chainlink etf
325,JPM,2025-07-24 13:30:00,pultegroup’s surprising surge what lies ahead
326,SCHW,2025-09-19 15:30:00,after 2 300 hires in six months schwab makes decisive with risk ria move to build out 40 branch offices in swank winter enclaves staffed by 400 consultants to serve ultra high net worth clients
327,JPM,2025-07-23 10:30:00,fund giants put faith in ‘trump put’ to keep stock rally rolling
328,JPM,2024-12-24 15:30:00,wells fargo says it’s quitting climate banking group
310,JPM,2025-02-22 15:30:00,first horizon corporation to participate in the 2025 rbc capital markets global financial institutions conference
309,JPM,2025-06-25 15:30:00,palantir could profit from the middle east conflict but here’s why wall street thinks its stock is overpriced
308,PLTR,2024-08-09 15:30:00,palantir and microsoft partner to deliver enhanced analytics and ai services to classified networks for critical national security operations
307,JPM,2025-07-24 13:30:00,keycorp raises nii and loan outlook after solid quarter
290,JPM,2024-12-10 15:30:00,nyc ad agencies omnicom interpublic to form marketing powerhouse
291,PLTR,2025-02-20 15:30:00,why blackberry stock could advance much further
292,PLTR,2024-12-03 15:30:00,best and worst performing stocks of november 2024
293,AAPl,2024-06-13 15:30:00,adobe responds to ai fears with plans for updated legal terms
294,JPM,2025-06-11 15:30:00,goldman s focus on core banking and asset management businesses should drive strengthening returns
295,SCHW,2025-05-18 15:30:00,advyzon founder and ceo confirms receiving unsolicited interest from m a suitors and capital providers and charles schwab corp has emerged as potential suitor driven by its ria side a source says
296,SCHW,2025-07-20 10:30:00,charles schwab stock hits record high on upbeat results
297,PLTR,2024-09-27 15:30:00,apa and palantir sign multi million dollar deal extension
298,SCHW,2025-12-01 13:30:00,norges bank purchases shares of 20 713 047 the charles schwab corporation
299,JPM,2024-11-16 15:30:00,massive ipo will hoist venture global into the energy elite
300,JPM,2025-07-12 15:30:00,fdrr look at fcpi instead
301,AAPl,2024-07-18 10:30:00,the ai revolution continues
302,JPM,2024-11-20 15:30:00,will active etfs outnumber passive etfs
303,JPM,2025-08-23 15:30:00,washington newsletter q3 2025
304,SCHW,2025-07-05 13:30:00,the zacks analyst blog highlights coinbase global w r berkley northern trust goldman sachs and charles schwab
305,JPM,2025-01-29 15:30:00,bitwise files for dogecoin etf amid shifting us regulations
306,JPM,2025-02-21 15:30:00,fidelity strengthens etf portfolio focus with suites
329,JPM,2025-07-15 15:30:00,mcgraw hill to trade on nyse here’s what the ipo reveals mh
330,JPM,2025-07-12 15:30:00,cogent biosciences announces closing of upsized public offering of shares of common stock and full exercise of underwriters’ option to purchase additional shares
331,JPM,2025-06-18 15:30:00,the rise of active fixed income etfs chief investment officer
352,JPM,2025-08-17 15:30:00,major 1 10 reverse split coming cnfinance holdings changes ads ratio from 1 20 to 1 200 ordinary shares
354,AAPl,2024-09-12 10:30:00,apple s supplier jabil to invest ₹2 000 cr in tamil nadu aims to create 5 000 jobs
355,JPM,2025-08-08 15:30:00,adma biologics announces second quarter 2025 financial results and provides business
356,JPM,2024-12-28 15:30:00,aapg ipo china based cancer biotech ascentage pharma files for a million us ipo
358,JPM,2025-04-01 15:30:00,bnp paribas am to close two esg factor etfs
359,JPM,2025-08-15 15:30:00,we advised banco macro on the international reopening of its us 000 000 notes issuance
360,JPM,2025-03-05 15:30:00,consumer advocates corporate pardons for wells fargo bank of america j p morgan chase and zelle parent company mark trump cfpb’s “open season for ripping off americans”
361,JPM,2025-04-10 15:30:00,in the wake of the sherwin williams company s nyse shw latest us 3b market cap drop institutional owners may be forced to take severe actions
362,JPM,2025-01-11 15:30:00,bankonbuffalo parent company will acquire pa bank in deal
363,JPM,2025-01-09 15:30:00,wilmerhale advises revvity in 5b financing
364,AAPl,2024-08-14 15:30:00,growth beats yield at this t rowe price mutual fund
365,AAPl,2024-08-26 15:30:00,will alphabet goog ai phones crush apple’s ai plans
366,JPM,2024-11-13 15:30:00,dive deposits carver bank and the return of the thorn in the side investor
367,AAPl,2024-06-28 15:30:00,why blue chips are ripe for growth investing
368,JPM,2024-11-15 15:30:00,tencent sells reddit shares worth 6 million
369,JPM,2025-01-24 15:30:00,martin marietta materials to host q4 and full year 2024 earnings conference call on february 12 2025
370,PLTR,2025-01-31 15:30:00,palantir a strong position in the ai value chain warrants enthusiasm
371,AAPl,2024-03-02 15:30:00,butterfly iq ultrasound system
353,JPM,2025-04-30 15:30:00,aspen targets up to in us ipo launch
351,JPM,2025-07-12 15:30:00,firefly aerospace files registration statement for proposed initial public offering
332,JPM,2025-07-10 15:30:00,cogent biosciences raises in stock offering to advance precision therapy commercialization
350,SCHW,2025-10-25 09:30:00,stephens inc ar reduces stock holdings in the charles schwab corporation
333,PLTR,2024-12-08 11:30:00,10 fast growing software stocks to watch in 2025 including the runaway palantir
334,PLTR,2025-02-06 13:30:00,palantir shares surge 23 driven by earnings and sales upbeat 📈
335,SCHW,2025-10-31 14:30:00,elm market navigator etf surpasses in aum filling gap in multi trillion dollar allocation fund category
336,JPM,2025-05-22 15:30:00,kraft heinz confirms investment in us manufacturing
337,JPM,2025-02-14 15:30:00,jp morgan unveils active etf
338,SCHW,2025-07-23 15:30:00,invesco q2 etf assets leap 32 on strong qqqm inflows
339,SCHW,2025-09-18 15:30:00,schwab plans to hire 400 in expansion of in house wealth biz
340,SCHW,2025-10-24 15:30:00,wells fargo initiates coverage of paychex payx with underweight recommendation
341,JPM,2025-08-16 15:30:00,fund goldman sachs group inc opened a 0m position in fbnd stock
342,JPM,2025-01-31 15:30:00,wells fargo investment bank co ceo to retire
343,JPM,2025-07-01 15:30:00,the home depot enters into agreement for srs distribution to acquire gms
344,JPM,2025-08-14 15:30:00,elme communities takes steps to liquidate
345,JPM,2025-06-19 15:30:00,biomea fusion inc announces commencement of underwritten public offering of common stock and warrants
346,PLTR,2025-01-14 15:30:00,palantir after massive rally is the stock a buy or sell
347,JPM,2025-08-06 15:30:00,passive funds beat active amid this year’s market volatility
348,PLTR,2024-12-05 15:30:00,palantir s cto shyam sells shares worth 9 million
349,SCHW,2025-03-06 15:30:00,the charles schwab corporation schw among the best stocks to invest in according to billionaires
289,JPM,2025-06-28 15:30:00,carvana co garcia sells 9 million in cvna stock
287,PLTR,2025-03-21 15:30:00,palantir technologies’ president stephen cohen sells 99 million in stock
204,PLTR,2024-12-04 15:30:00,bitcoin etfs showdown btcw falls short against ibit
234,PLTR,2024-09-10 15:30:00,jacobs ceo adds board chair title ahead of spinoff
226,JPM,2024-12-17 15:30:00,redwood trust announces executive compensation packages
227,JPM,2025-06-11 15:30:00,flutter entertainment plc growth or bubble
228,JPM,2025-07-29 15:30:00,mcdonald s to sell 8 hong kong retail spaces valued at million jll says
229,SCHW,2025-10-21 15:30:00,schwab splitting shares for two thirds of etf lineup
230,JPM,2025-07-16 11:30:00,hedge flow hedge funds dump banks buy the dip in consumer staples goldman sachs says
231,SCHW,2025-09-13 15:30:00,schwab sweeps investing ranks in ibd s trust survey
232,JPM,2025-06-25 15:30:00,northern trust commits to independence after wsj report on potential merger with bny
233,PLTR,2024-11-17 15:30:00,palantir surges 8 to ath as company plans transfer to nasdaq 📈
235,JPM,2025-02-21 09:30:00,yieldmax set to enter europe with active income etf
286,JPM,2024-11-14 11:30:00,vig vs schd which dividend etf is right for your income strategy in october 2025
236,JPM,2025-04-12 12:30:00,what should be your stance on bank etfs before earnings releases
237,JPM,2025-08-09 15:30:00,citigroup hires jpmorgan s baygual as co head of m a memo shows
238,JPM,2025-02-11 15:30:00,wolfe research upgrades american homes 4 rent stock rating to outperform
239,JPM,2025-08-21 15:30:00,prologis stocks behind the recent dynamics
240,SCHW,2025-05-03 13:30:00,schwab warned thousands at risk of margin calls as volatility soared on trade war
241,JPM,2024-11-12 15:30:00,prudential names chappuis president and ceo of pgim
242,JPM,2025-07-08 15:30:00,navigating clos opportunities in aaa rated tranches
243,PLTR,2024-12-20 15:30:00,surf air mobility appoints david anderman to board of directors
225,PLTR,2024-11-19 15:30:00,wall street’s hottest stock palantir only employs 3 892 people
224,JPM,2025-08-13 12:30:00,crypto exchange bullish raises ipo size seeks nearly billion valuation
223,JPM,2025-07-16 15:30:00,brian selmo ‘winning by not losing’
222,JPM,2024-11-28 15:30:00,etfs no one is stealing ishares crown morningstar uk
205,PLTR,2024-10-26 15:30:00,l3harris palantir enter a strategic partnership
206,JPM,2025-03-12 15:30:00,ny state senators urge comptroller dinapoli to begin pension fund divestment in tesla inc
207,JPM,2024-12-25 15:30:00,1 vanguard index fund could turn per month into a 400 portfolio that pays 200 in annual dividend income
208,JPM,2025-08-30 15:30:00,petrobras open to ig4 plan to take control of braskem sources say
209,JPM,2025-08-13 13:30:00,is cronos group’s stock set to surge
210,JPM,2025-02-22 15:30:00,jpmorgan chase ceo james dimon sells 8 million in stock
211,JPM,2025-08-08 09:30:00,aimd stock soars what’s fueling the surge
212,JPM,2025-07-12 15:30:00,this trump trade boomed after election—now it may be making a comeback
213,JPM,2025-07-08 15:30:00,pnc financial services group nyse pnc is increasing its dividend to 70
214,JPM,2025-06-13 15:30:00,farmer mac closes 1 million securitization of agricultural mortgage backed securities ambs
215,JPM,2025-05-29 15:30:00,jpm swaps pms on 2 mid cap funds with combined
216,JPM,2025-05-21 15:30:00,should you invest in the first trust nasdaq bank etf ftxo
217,JPM,2025-07-17 15:30:00,biodexa pharmaceuticals to implement 1 10 adr ratio change
218,JPM,2025-07-18 09:30:00,watch out the world’s biggest money managers just issued ‘stagflation’ warning
219,JPM,2025-05-29 15:30:00,m t bank a top socially responsible dividend stock with 2 9 yield mtb
220,JPM,2025-06-11 15:30:00,citigroup poised to boost provisions for potential bad loans
221,JPM,2025-03-15 15:30:00,2024 annual report
244,PLTR,2024-12-14 15:30:00,1 spectacular artificial intelligence ai etf to buy with during the s p 500 bull market
245,PLTR,2024-10-31 15:30:00,if you had invested into american express when warren buffett first invested in 1991 here s how much you d have now
246,JPM,2025-06-18 15:30:00,fresh spac ipo hits nasdaq best spac i launches with unique share rights structure
267,JPM,2024-12-18 15:30:00,thought esg was hard to define try its antithesis
269,AAPl,2024-07-17 15:30:00,buffett s berkshire hathaway sets closes at record high
270,JPM,2025-08-08 15:30:00,f g annuities life announces strategic partnership with reinsurer backed by blackstone managed funds
271,JPM,2025-01-21 15:30:00,lazard to build out global etf footprint
272,JPM,2025-03-14 15:30:00,culp elects member to board of directors
273,JPM,2025-02-01 15:30:00,maze therapeutics announces pricing of upsized initial public offering
274,JPM,2025-04-23 15:30:00,invesco first quarter etf unit assets inch up 1 3
275,JPM,2025-09-01 14:30:00,gold royalty corp’s stock on the rise analyst upgrades and financial outperformance
276,JPM,2024-12-21 15:30:00,jbg smith offloads another d c office building for
277,JPM,2025-03-12 15:30:00,wells fargo sues jpmorgan over cre loan
278,PLTR,2024-12-03 15:30:00,s p 500 rises 5 7 in november to log best month of 2024
279,JPM,2024-11-15 15:30:00,coterra energy to buy oil and gas assets for 95 billion
280,JPM,2025-04-13 15:30:00,bank acquisition complete first financial northwest shareholders set for cash payout
281,JPM,2025-06-01 15:30:00,bitcoin banks brokers will decide next big market move says bofa s hartnett
282,JPM,2025-08-09 15:30:00,oxy combines big revenues with decisive debt reduction
283,PLTR,2024-08-21 15:30:00,surf air mobility announces reverse stock split
284,PLTR,2024-12-19 10:30:00,palantir’s high valuation paints a stark picture of the s p 500’s priciest picks
285,JPM,2025-07-16 15:30:00,for big banks the trump era is proving profitable thus far
268,JPM,2025-01-09 15:30:00,jpmorgan chase reportedly joins the 5 days a week rto wave
266,AAPl,2024-07-17 14:30:00,aes corp aes august 16 puts purchased as share price down 9 5
247,JPM,2025-01-14 15:30:00,western asset emd team exits for ppm america
265,JPM,2025-07-23 15:30:00,watch inflation has bottomed for 2025 doubleline s sherman
248,JPM,2025-08-06 15:30:00,fund pinnacle associates ltd added 50 386 shares of kkr co to their portfolio
249,PLTR,2024-12-15 15:30:00,nasdaq announces annual reconstitution of the nasdaq 100 index adding palantir microstrategy and axon
250,JPM,2025-06-24 15:30:00,vanguard offers joint lowest fee global aggregate etf after cuts across europe range
251,JPM,2025-04-18 15:30:00,vaneck to launch etf tracking crypto stocks
252,JPM,2025-01-19 09:30:00,with 57 ownership of the shares hilltop holdings inc nyse hth is heavily dominated by institutional owners
253,JPM,2025-08-14 15:30:00,gevo stock surges 65 as carbon credits bring in first ever profits
254,JPM,2025-04-18 15:30:00,nxp semiconductors n v to announce first quarter 2025 financial results and host earnings conference call
255,PLTR,2025-03-01 15:30:00,palantir stock dips 5 but insiders say ai’s future will make this look cheap
256,JPM,2024-12-09 15:30:00,a wall street veteran wsfs cfo lays out strategy to grow market share
257,JPM,2024-12-10 15:30:00,gfo x announces abn amro clearing imc standard chartered
258,AAPl,2024-09-10 15:30:00,apple introduces iphone 16 and iphone 16 plus
259,JPM,2025-04-30 15:30:00,enterprise bank trust to acquire 12 first interstate bank branches
260,JPM,2025-07-19 15:30:00,lobbying 000 of southern company lobbying was just disclosed so stock
261,JPM,2025-08-23 15:30:00,state street joins j p morgan’s digital debt service as first third party custodian
262,JPM,2024-11-08 15:30:00,devvstream holdings inc announces completion of business combination with focus impact acquisition corp secures up to us of additional capital to execute growth plans
263,JPM,2025-08-06 15:30:00,j p morgan asset management expands offering with india rei equity active ucits etf jrin
264,JPM,2025-07-22 15:30:00,cleveland cliffs looks to sell idle steel plants to data center developers
713,AAPl,2024-03-02 14:30:00,nvidia skyrocketed over the past 5 years but 3 stocks performed even better—and none is apple or tesla
